,url
0,https://www.metaculus.com/api2/questions/1/
1,https://www.metaculus.com/api2/questions/2/
2,https://www.metaculus.com/api2/questions/4/
3,https://www.metaculus.com/api2/questions/5/
4,https://www.metaculus.com/api2/questions/6/
5,https://www.metaculus.com/api2/questions/7/
6,https://www.metaculus.com/api2/questions/8/
7,https://www.metaculus.com/api2/questions/9/
8,https://www.metaculus.com/api2/questions/11/
9,https://www.metaculus.com/api2/questions/12/
10,https://www.metaculus.com/api2/questions/13/
11,https://www.metaculus.com/api2/questions/14/
12,https://www.metaculus.com/api2/questions/15/
13,https://www.metaculus.com/api2/questions/16/
14,https://www.metaculus.com/api2/questions/17/
15,https://www.metaculus.com/api2/questions/20/
16,https://www.metaculus.com/api2/questions/22/
17,https://www.metaculus.com/api2/questions/23/
18,https://www.metaculus.com/api2/questions/24/
19,https://www.metaculus.com/api2/questions/30/
20,https://www.metaculus.com/api2/questions/31/
21,https://www.metaculus.com/api2/questions/32/
22,https://www.metaculus.com/api2/questions/33/
23,https://www.metaculus.com/api2/questions/36/
24,https://www.metaculus.com/api2/questions/37/
25,https://www.metaculus.com/api2/questions/38/
26,https://www.metaculus.com/api2/questions/41/
27,https://www.metaculus.com/api2/questions/43/
28,https://www.metaculus.com/api2/questions/44/
29,https://www.metaculus.com/api2/questions/45/
30,https://www.metaculus.com/api2/questions/46/
31,https://www.metaculus.com/api2/questions/47/
32,https://www.metaculus.com/api2/questions/48/
33,https://www.metaculus.com/api2/questions/49/
34,https://www.metaculus.com/api2/questions/50/
35,https://www.metaculus.com/api2/questions/51/
36,https://www.metaculus.com/api2/questions/56/
37,https://www.metaculus.com/api2/questions/65/
38,https://www.metaculus.com/api2/questions/66/
39,https://www.metaculus.com/api2/questions/71/
40,https://www.metaculus.com/api2/questions/72/
41,https://www.metaculus.com/api2/questions/102/
42,https://www.metaculus.com/api2/questions/106/
43,https://www.metaculus.com/api2/questions/107/
44,https://www.metaculus.com/api2/questions/108/
45,https://www.metaculus.com/api2/questions/109/
46,https://www.metaculus.com/api2/questions/110/
47,https://www.metaculus.com/api2/questions/112/
48,https://www.metaculus.com/api2/questions/122/
49,https://www.metaculus.com/api2/questions/126/
50,https://www.metaculus.com/api2/questions/127/
51,https://www.metaculus.com/api2/questions/129/
52,https://www.metaculus.com/api2/questions/130/
53,https://www.metaculus.com/api2/questions/131/
54,https://www.metaculus.com/api2/questions/138/
55,https://www.metaculus.com/api2/questions/139/
56,https://www.metaculus.com/api2/questions/140/
57,https://www.metaculus.com/api2/questions/142/
58,https://www.metaculus.com/api2/questions/143/
59,https://www.metaculus.com/api2/questions/147/
60,https://www.metaculus.com/api2/questions/150/
61,https://www.metaculus.com/api2/questions/154/
62,https://www.metaculus.com/api2/questions/156/
63,https://www.metaculus.com/api2/questions/157/
64,https://www.metaculus.com/api2/questions/159/
65,https://www.metaculus.com/api2/questions/164/
66,https://www.metaculus.com/api2/questions/165/
67,https://www.metaculus.com/api2/questions/166/
68,https://www.metaculus.com/api2/questions/168/
69,https://www.metaculus.com/api2/questions/169/
70,https://www.metaculus.com/api2/questions/170/
71,https://www.metaculus.com/api2/questions/172/
72,https://www.metaculus.com/api2/questions/177/
73,https://www.metaculus.com/api2/questions/178/
74,https://www.metaculus.com/api2/questions/179/
75,https://www.metaculus.com/api2/questions/181/
76,https://www.metaculus.com/api2/questions/183/
77,https://www.metaculus.com/api2/questions/184/
78,https://www.metaculus.com/api2/questions/186/
79,https://www.metaculus.com/api2/questions/188/
80,https://www.metaculus.com/api2/questions/189/
81,https://www.metaculus.com/api2/questions/190/
82,https://www.metaculus.com/api2/questions/191/
83,https://www.metaculus.com/api2/questions/192/
84,https://www.metaculus.com/api2/questions/193/
85,https://www.metaculus.com/api2/questions/194/
86,https://www.metaculus.com/api2/questions/195/
87,https://www.metaculus.com/api2/questions/196/
88,https://www.metaculus.com/api2/questions/197/
89,https://www.metaculus.com/api2/questions/198/
90,https://www.metaculus.com/api2/questions/199/
91,https://www.metaculus.com/api2/questions/200/
92,https://www.metaculus.com/api2/questions/202/
93,https://www.metaculus.com/api2/questions/204/
94,https://www.metaculus.com/api2/questions/205/
95,https://www.metaculus.com/api2/questions/206/
96,https://www.metaculus.com/api2/questions/207/
97,https://www.metaculus.com/api2/questions/208/
98,https://www.metaculus.com/api2/questions/209/
99,https://www.metaculus.com/api2/questions/210/
100,https://www.metaculus.com/api2/questions/212/
101,https://www.metaculus.com/api2/questions/213/
102,https://www.metaculus.com/api2/questions/216/
103,https://www.metaculus.com/api2/questions/217/
104,https://www.metaculus.com/api2/questions/218/
105,https://www.metaculus.com/api2/questions/220/
106,https://www.metaculus.com/api2/questions/221/
107,https://www.metaculus.com/api2/questions/222/
108,https://www.metaculus.com/api2/questions/223/
109,https://www.metaculus.com/api2/questions/224/
110,https://www.metaculus.com/api2/questions/225/
111,https://www.metaculus.com/api2/questions/226/
112,https://www.metaculus.com/api2/questions/227/
113,https://www.metaculus.com/api2/questions/230/
114,https://www.metaculus.com/api2/questions/231/
115,https://www.metaculus.com/api2/questions/232/
116,https://www.metaculus.com/api2/questions/233/
117,https://www.metaculus.com/api2/questions/234/
118,https://www.metaculus.com/api2/questions/237/
119,https://www.metaculus.com/api2/questions/238/
120,https://www.metaculus.com/api2/questions/239/
121,https://www.metaculus.com/api2/questions/241/
122,https://www.metaculus.com/api2/questions/243/
123,https://www.metaculus.com/api2/questions/244/
124,https://www.metaculus.com/api2/questions/245/
125,https://www.metaculus.com/api2/questions/246/
126,https://www.metaculus.com/api2/questions/248/
127,https://www.metaculus.com/api2/questions/250/
128,https://www.metaculus.com/api2/questions/251/
129,https://www.metaculus.com/api2/questions/252/
130,https://www.metaculus.com/api2/questions/253/
131,https://www.metaculus.com/api2/questions/256/
132,https://www.metaculus.com/api2/questions/257/
133,https://www.metaculus.com/api2/questions/258/
134,https://www.metaculus.com/api2/questions/259/
135,https://www.metaculus.com/api2/questions/262/
136,https://www.metaculus.com/api2/questions/263/
137,https://www.metaculus.com/api2/questions/264/
138,https://www.metaculus.com/api2/questions/267/
139,https://www.metaculus.com/api2/questions/268/
140,https://www.metaculus.com/api2/questions/272/
141,https://www.metaculus.com/api2/questions/274/
142,https://www.metaculus.com/api2/questions/276/
143,https://www.metaculus.com/api2/questions/277/
144,https://www.metaculus.com/api2/questions/278/
145,https://www.metaculus.com/api2/questions/279/
146,https://www.metaculus.com/api2/questions/282/
147,https://www.metaculus.com/api2/questions/284/
148,https://www.metaculus.com/api2/questions/286/
149,https://www.metaculus.com/api2/questions/287/
150,https://www.metaculus.com/api2/questions/288/
151,https://www.metaculus.com/api2/questions/289/
152,https://www.metaculus.com/api2/questions/290/
153,https://www.metaculus.com/api2/questions/291/
154,https://www.metaculus.com/api2/questions/292/
155,https://www.metaculus.com/api2/questions/302/
156,https://www.metaculus.com/api2/questions/304/
157,https://www.metaculus.com/api2/questions/308/
158,https://www.metaculus.com/api2/questions/309/
159,https://www.metaculus.com/api2/questions/314/
160,https://www.metaculus.com/api2/questions/315/
161,https://www.metaculus.com/api2/questions/316/
162,https://www.metaculus.com/api2/questions/317/
163,https://www.metaculus.com/api2/questions/321/
164,https://www.metaculus.com/api2/questions/322/
165,https://www.metaculus.com/api2/questions/324/
166,https://www.metaculus.com/api2/questions/325/
167,https://www.metaculus.com/api2/questions/327/
168,https://www.metaculus.com/api2/questions/337/
169,https://www.metaculus.com/api2/questions/338/
170,https://www.metaculus.com/api2/questions/339/
171,https://www.metaculus.com/api2/questions/340/
172,https://www.metaculus.com/api2/questions/341/
173,https://www.metaculus.com/api2/questions/342/
174,https://www.metaculus.com/api2/questions/343/
175,https://www.metaculus.com/api2/questions/344/
176,https://www.metaculus.com/api2/questions/345/
177,https://www.metaculus.com/api2/questions/346/
178,https://www.metaculus.com/api2/questions/347/
179,https://www.metaculus.com/api2/questions/350/
180,https://www.metaculus.com/api2/questions/352/
181,https://www.metaculus.com/api2/questions/355/
182,https://www.metaculus.com/api2/questions/357/
183,https://www.metaculus.com/api2/questions/366/
184,https://www.metaculus.com/api2/questions/368/
185,https://www.metaculus.com/api2/questions/369/
186,https://www.metaculus.com/api2/questions/370/
187,https://www.metaculus.com/api2/questions/371/
188,https://www.metaculus.com/api2/questions/374/
189,https://www.metaculus.com/api2/questions/376/
190,https://www.metaculus.com/api2/questions/377/
191,https://www.metaculus.com/api2/questions/378/
192,https://www.metaculus.com/api2/questions/379/
193,https://www.metaculus.com/api2/questions/380/
194,https://www.metaculus.com/api2/questions/383/
195,https://www.metaculus.com/api2/questions/385/
196,https://www.metaculus.com/api2/questions/386/
197,https://www.metaculus.com/api2/questions/388/
198,https://www.metaculus.com/api2/questions/389/
199,https://www.metaculus.com/api2/questions/391/
200,https://www.metaculus.com/api2/questions/392/
201,https://www.metaculus.com/api2/questions/393/
202,https://www.metaculus.com/api2/questions/394/
203,https://www.metaculus.com/api2/questions/395/
204,https://www.metaculus.com/api2/questions/398/
205,https://www.metaculus.com/api2/questions/399/
206,https://www.metaculus.com/api2/questions/400/
207,https://www.metaculus.com/api2/questions/407/
208,https://www.metaculus.com/api2/questions/408/
209,https://www.metaculus.com/api2/questions/409/
210,https://www.metaculus.com/api2/questions/410/
211,https://www.metaculus.com/api2/questions/411/
212,https://www.metaculus.com/api2/questions/416/
213,https://www.metaculus.com/api2/questions/419/
214,https://www.metaculus.com/api2/questions/421/
215,https://www.metaculus.com/api2/questions/425/
216,https://www.metaculus.com/api2/questions/427/
217,https://www.metaculus.com/api2/questions/429/
218,https://www.metaculus.com/api2/questions/430/
219,https://www.metaculus.com/api2/questions/432/
220,https://www.metaculus.com/api2/questions/434/
221,https://www.metaculus.com/api2/questions/435/
222,https://www.metaculus.com/api2/questions/436/
223,https://www.metaculus.com/api2/questions/448/
224,https://www.metaculus.com/api2/questions/449/
225,https://www.metaculus.com/api2/questions/451/
226,https://www.metaculus.com/api2/questions/453/
227,https://www.metaculus.com/api2/questions/457/
228,https://www.metaculus.com/api2/questions/460/
229,https://www.metaculus.com/api2/questions/461/
230,https://www.metaculus.com/api2/questions/463/
231,https://www.metaculus.com/api2/questions/465/
232,https://www.metaculus.com/api2/questions/466/
233,https://www.metaculus.com/api2/questions/467/
234,https://www.metaculus.com/api2/questions/470/
235,https://www.metaculus.com/api2/questions/471/
236,https://www.metaculus.com/api2/questions/474/
237,https://www.metaculus.com/api2/questions/475/
238,https://www.metaculus.com/api2/questions/478/
239,https://www.metaculus.com/api2/questions/479/
240,https://www.metaculus.com/api2/questions/481/
241,https://www.metaculus.com/api2/questions/484/
242,https://www.metaculus.com/api2/questions/494/
243,https://www.metaculus.com/api2/questions/496/
244,https://www.metaculus.com/api2/questions/497/
245,https://www.metaculus.com/api2/questions/499/
246,https://www.metaculus.com/api2/questions/501/
247,https://www.metaculus.com/api2/questions/508/
248,https://www.metaculus.com/api2/questions/509/
249,https://www.metaculus.com/api2/questions/510/
250,https://www.metaculus.com/api2/questions/511/
251,https://www.metaculus.com/api2/questions/515/
252,https://www.metaculus.com/api2/questions/516/
253,https://www.metaculus.com/api2/questions/517/
254,https://www.metaculus.com/api2/questions/518/
255,https://www.metaculus.com/api2/questions/519/
256,https://www.metaculus.com/api2/questions/521/
257,https://www.metaculus.com/api2/questions/522/
258,https://www.metaculus.com/api2/questions/524/
259,https://www.metaculus.com/api2/questions/525/
260,https://www.metaculus.com/api2/questions/527/
261,https://www.metaculus.com/api2/questions/528/
262,https://www.metaculus.com/api2/questions/529/
263,https://www.metaculus.com/api2/questions/533/
264,https://www.metaculus.com/api2/questions/534/
265,https://www.metaculus.com/api2/questions/536/
266,https://www.metaculus.com/api2/questions/537/
267,https://www.metaculus.com/api2/questions/538/
268,https://www.metaculus.com/api2/questions/541/
269,https://www.metaculus.com/api2/questions/542/
270,https://www.metaculus.com/api2/questions/544/
271,https://www.metaculus.com/api2/questions/549/
272,https://www.metaculus.com/api2/questions/550/
273,https://www.metaculus.com/api2/questions/553/
274,https://www.metaculus.com/api2/questions/554/
275,https://www.metaculus.com/api2/questions/558/
276,https://www.metaculus.com/api2/questions/559/
277,https://www.metaculus.com/api2/questions/560/
278,https://www.metaculus.com/api2/questions/561/
279,https://www.metaculus.com/api2/questions/562/
280,https://www.metaculus.com/api2/questions/563/
281,https://www.metaculus.com/api2/questions/564/
282,https://www.metaculus.com/api2/questions/565/
283,https://www.metaculus.com/api2/questions/567/
284,https://www.metaculus.com/api2/questions/569/
285,https://www.metaculus.com/api2/questions/572/
286,https://www.metaculus.com/api2/questions/576/
287,https://www.metaculus.com/api2/questions/580/
288,https://www.metaculus.com/api2/questions/581/
289,https://www.metaculus.com/api2/questions/584/
290,https://www.metaculus.com/api2/questions/588/
291,https://www.metaculus.com/api2/questions/589/
292,https://www.metaculus.com/api2/questions/592/
293,https://www.metaculus.com/api2/questions/595/
294,https://www.metaculus.com/api2/questions/597/
295,https://www.metaculus.com/api2/questions/599/
296,https://www.metaculus.com/api2/questions/601/
297,https://www.metaculus.com/api2/questions/602/
298,https://www.metaculus.com/api2/questions/613/
299,https://www.metaculus.com/api2/questions/617/
300,https://www.metaculus.com/api2/questions/618/
301,https://www.metaculus.com/api2/questions/619/
302,https://www.metaculus.com/api2/questions/620/
303,https://www.metaculus.com/api2/questions/621/
304,https://www.metaculus.com/api2/questions/632/
305,https://www.metaculus.com/api2/questions/633/
306,https://www.metaculus.com/api2/questions/634/
307,https://www.metaculus.com/api2/questions/635/
308,https://www.metaculus.com/api2/questions/636/
309,https://www.metaculus.com/api2/questions/638/
310,https://www.metaculus.com/api2/questions/642/
311,https://www.metaculus.com/api2/questions/646/
312,https://www.metaculus.com/api2/questions/647/
313,https://www.metaculus.com/api2/questions/651/
314,https://www.metaculus.com/api2/questions/652/
315,https://www.metaculus.com/api2/questions/654/
316,https://www.metaculus.com/api2/questions/657/
317,https://www.metaculus.com/api2/questions/659/
318,https://www.metaculus.com/api2/questions/660/
319,https://www.metaculus.com/api2/questions/661/
320,https://www.metaculus.com/api2/questions/662/
321,https://www.metaculus.com/api2/questions/663/
322,https://www.metaculus.com/api2/questions/664/
323,https://www.metaculus.com/api2/questions/666/
324,https://www.metaculus.com/api2/questions/667/
325,https://www.metaculus.com/api2/questions/670/
326,https://www.metaculus.com/api2/questions/671/
327,https://www.metaculus.com/api2/questions/672/
328,https://www.metaculus.com/api2/questions/677/
329,https://www.metaculus.com/api2/questions/687/
330,https://www.metaculus.com/api2/questions/705/
331,https://www.metaculus.com/api2/questions/710/
332,https://www.metaculus.com/api2/questions/717/
333,https://www.metaculus.com/api2/questions/734/
334,https://www.metaculus.com/api2/questions/744/
335,https://www.metaculus.com/api2/questions/750/
336,https://www.metaculus.com/api2/questions/752/
337,https://www.metaculus.com/api2/questions/796/
338,https://www.metaculus.com/api2/questions/800/
339,https://www.metaculus.com/api2/questions/804/
340,https://www.metaculus.com/api2/questions/809/
341,https://www.metaculus.com/api2/questions/825/
342,https://www.metaculus.com/api2/questions/826/
343,https://www.metaculus.com/api2/questions/887/
344,https://www.metaculus.com/api2/questions/889/
345,https://www.metaculus.com/api2/questions/898/
346,https://www.metaculus.com/api2/questions/900/
347,https://www.metaculus.com/api2/questions/903/
348,https://www.metaculus.com/api2/questions/906/
349,https://www.metaculus.com/api2/questions/912/
350,https://www.metaculus.com/api2/questions/913/
351,https://www.metaculus.com/api2/questions/924/
352,https://www.metaculus.com/api2/questions/928/
353,https://www.metaculus.com/api2/questions/930/
354,https://www.metaculus.com/api2/questions/931/
355,https://www.metaculus.com/api2/questions/932/
356,https://www.metaculus.com/api2/questions/933/
357,https://www.metaculus.com/api2/questions/934/
358,https://www.metaculus.com/api2/questions/940/
359,https://www.metaculus.com/api2/questions/941/
360,https://www.metaculus.com/api2/questions/946/
361,https://www.metaculus.com/api2/questions/962/
362,https://www.metaculus.com/api2/questions/972/
363,https://www.metaculus.com/api2/questions/975/
364,https://www.metaculus.com/api2/questions/976/
365,https://www.metaculus.com/api2/questions/977/
366,https://www.metaculus.com/api2/questions/978/
367,https://www.metaculus.com/api2/questions/999/
368,https://www.metaculus.com/api2/questions/1000/
369,https://www.metaculus.com/api2/questions/1004/
370,https://www.metaculus.com/api2/questions/1010/
371,https://www.metaculus.com/api2/questions/1013/
372,https://www.metaculus.com/api2/questions/1019/
373,https://www.metaculus.com/api2/questions/1028/
374,https://www.metaculus.com/api2/questions/1039/
375,https://www.metaculus.com/api2/questions/1041/
376,https://www.metaculus.com/api2/questions/1042/
377,https://www.metaculus.com/api2/questions/1046/
378,https://www.metaculus.com/api2/questions/1047/
379,https://www.metaculus.com/api2/questions/1049/
380,https://www.metaculus.com/api2/questions/1050/
381,https://www.metaculus.com/api2/questions/1075/
382,https://www.metaculus.com/api2/questions/1095/
383,https://www.metaculus.com/api2/questions/1100/
384,https://www.metaculus.com/api2/questions/1139/
385,https://www.metaculus.com/api2/questions/1301/
386,https://www.metaculus.com/api2/questions/1313/
387,https://www.metaculus.com/api2/questions/1314/
388,https://www.metaculus.com/api2/questions/1318/
389,https://www.metaculus.com/api2/questions/1319/
390,https://www.metaculus.com/api2/questions/1329/
391,https://www.metaculus.com/api2/questions/1333/
392,https://www.metaculus.com/api2/questions/1335/
393,https://www.metaculus.com/api2/questions/1336/
394,https://www.metaculus.com/api2/questions/1345/
395,https://www.metaculus.com/api2/questions/1347/
396,https://www.metaculus.com/api2/questions/1354/
397,https://www.metaculus.com/api2/questions/1355/
398,https://www.metaculus.com/api2/questions/1362/
399,https://www.metaculus.com/api2/questions/1365/
400,https://www.metaculus.com/api2/questions/1367/
401,https://www.metaculus.com/api2/questions/1368/
402,https://www.metaculus.com/api2/questions/1369/
403,https://www.metaculus.com/api2/questions/1372/
404,https://www.metaculus.com/api2/questions/1379/
405,https://www.metaculus.com/api2/questions/1380/
406,https://www.metaculus.com/api2/questions/1381/
407,https://www.metaculus.com/api2/questions/1383/
408,https://www.metaculus.com/api2/questions/1386/
409,https://www.metaculus.com/api2/questions/1387/
410,https://www.metaculus.com/api2/questions/1404/
411,https://www.metaculus.com/api2/questions/1412/
412,https://www.metaculus.com/api2/questions/1414/
413,https://www.metaculus.com/api2/questions/1417/
414,https://www.metaculus.com/api2/questions/1420/
415,https://www.metaculus.com/api2/questions/1421/
416,https://www.metaculus.com/api2/questions/1424/
417,https://www.metaculus.com/api2/questions/1442/
418,https://www.metaculus.com/api2/questions/1443/
419,https://www.metaculus.com/api2/questions/1451/
420,https://www.metaculus.com/api2/questions/1455/
421,https://www.metaculus.com/api2/questions/1456/
422,https://www.metaculus.com/api2/questions/1457/
423,https://www.metaculus.com/api2/questions/1463/
424,https://www.metaculus.com/api2/questions/1479/
425,https://www.metaculus.com/api2/questions/1483/
426,https://www.metaculus.com/api2/questions/1498/
427,https://www.metaculus.com/api2/questions/1509/
428,https://www.metaculus.com/api2/questions/1511/
429,https://www.metaculus.com/api2/questions/1518/
430,https://www.metaculus.com/api2/questions/1531/
431,https://www.metaculus.com/api2/questions/1533/
432,https://www.metaculus.com/api2/questions/1550/
433,https://www.metaculus.com/api2/questions/1555/
434,https://www.metaculus.com/api2/questions/1556/
435,https://www.metaculus.com/api2/questions/1567/
436,https://www.metaculus.com/api2/questions/1570/
437,https://www.metaculus.com/api2/questions/1580/
438,https://www.metaculus.com/api2/questions/1581/
439,https://www.metaculus.com/api2/questions/1582/
440,https://www.metaculus.com/api2/questions/1597/
441,https://www.metaculus.com/api2/questions/1599/
442,https://www.metaculus.com/api2/questions/1602/
443,https://www.metaculus.com/api2/questions/1605/
444,https://www.metaculus.com/api2/questions/1607/
445,https://www.metaculus.com/api2/questions/1608/
446,https://www.metaculus.com/api2/questions/1609/
447,https://www.metaculus.com/api2/questions/1610/
448,https://www.metaculus.com/api2/questions/1611/
449,https://www.metaculus.com/api2/questions/1612/
450,https://www.metaculus.com/api2/questions/1613/
451,https://www.metaculus.com/api2/questions/1614/
452,https://www.metaculus.com/api2/questions/1615/
453,https://www.metaculus.com/api2/questions/1616/
454,https://www.metaculus.com/api2/questions/1617/
455,https://www.metaculus.com/api2/questions/1623/
456,https://www.metaculus.com/api2/questions/1639/
457,https://www.metaculus.com/api2/questions/1641/
458,https://www.metaculus.com/api2/questions/1643/
459,https://www.metaculus.com/api2/questions/1649/
460,https://www.metaculus.com/api2/questions/1652/
461,https://www.metaculus.com/api2/questions/1664/
462,https://www.metaculus.com/api2/questions/1665/
463,https://www.metaculus.com/api2/questions/1666/
464,https://www.metaculus.com/api2/questions/1668/
465,https://www.metaculus.com/api2/questions/1670/
466,https://www.metaculus.com/api2/questions/1671/
467,https://www.metaculus.com/api2/questions/1672/
468,https://www.metaculus.com/api2/questions/1673/
469,https://www.metaculus.com/api2/questions/1682/
470,https://www.metaculus.com/api2/questions/1684/
471,https://www.metaculus.com/api2/questions/1685/
472,https://www.metaculus.com/api2/questions/1687/
473,https://www.metaculus.com/api2/questions/1688/
474,https://www.metaculus.com/api2/questions/1689/
475,https://www.metaculus.com/api2/questions/1690/
476,https://www.metaculus.com/api2/questions/1694/
477,https://www.metaculus.com/api2/questions/1698/
478,https://www.metaculus.com/api2/questions/1699/
479,https://www.metaculus.com/api2/questions/1700/
480,https://www.metaculus.com/api2/questions/1701/
481,https://www.metaculus.com/api2/questions/1702/
482,https://www.metaculus.com/api2/questions/1704/
483,https://www.metaculus.com/api2/questions/1866/
484,https://www.metaculus.com/api2/questions/2347/
485,https://www.metaculus.com/api2/questions/2509/
486,https://www.metaculus.com/api2/questions/2510/
487,https://www.metaculus.com/api2/questions/2520/
488,https://www.metaculus.com/api2/questions/2521/
489,https://www.metaculus.com/api2/questions/2522/
490,https://www.metaculus.com/api2/questions/2535/
491,https://www.metaculus.com/api2/questions/2537/
492,https://www.metaculus.com/api2/questions/2565/
493,https://www.metaculus.com/api2/questions/2567/
494,https://www.metaculus.com/api2/questions/2573/
495,https://www.metaculus.com/api2/questions/2580/
496,https://www.metaculus.com/api2/questions/2583/
497,https://www.metaculus.com/api2/questions/2587/
498,https://www.metaculus.com/api2/questions/2588/
499,https://www.metaculus.com/api2/questions/2597/
500,https://www.metaculus.com/api2/questions/2601/
501,https://www.metaculus.com/api2/questions/2603/
502,https://www.metaculus.com/api2/questions/2606/
503,https://www.metaculus.com/api2/questions/2610/
504,https://www.metaculus.com/api2/questions/2613/
505,https://www.metaculus.com/api2/questions/2614/
506,https://www.metaculus.com/api2/questions/2624/
507,https://www.metaculus.com/api2/questions/2625/
508,https://www.metaculus.com/api2/questions/2626/
509,https://www.metaculus.com/api2/questions/2627/
510,https://www.metaculus.com/api2/questions/2629/
511,https://www.metaculus.com/api2/questions/2631/
512,https://www.metaculus.com/api2/questions/2638/
513,https://www.metaculus.com/api2/questions/2647/
514,https://www.metaculus.com/api2/questions/2657/
515,https://www.metaculus.com/api2/questions/2664/
516,https://www.metaculus.com/api2/questions/2667/
517,https://www.metaculus.com/api2/questions/2669/
518,https://www.metaculus.com/api2/questions/2706/
519,https://www.metaculus.com/api2/questions/2712/
520,https://www.metaculus.com/api2/questions/2714/
521,https://www.metaculus.com/api2/questions/2749/
522,https://www.metaculus.com/api2/questions/2753/
523,https://www.metaculus.com/api2/questions/2766/
524,https://www.metaculus.com/api2/questions/2791/
525,https://www.metaculus.com/api2/questions/2793/
526,https://www.metaculus.com/api2/questions/2794/
527,https://www.metaculus.com/api2/questions/2809/
528,https://www.metaculus.com/api2/questions/2926/
529,https://www.metaculus.com/api2/questions/2927/
530,https://www.metaculus.com/api2/questions/2928/
531,https://www.metaculus.com/api2/questions/2931/
532,https://www.metaculus.com/api2/questions/2934/
533,https://www.metaculus.com/api2/questions/2936/
534,https://www.metaculus.com/api2/questions/2938/
535,https://www.metaculus.com/api2/questions/2939/
536,https://www.metaculus.com/api2/questions/2945/
537,https://www.metaculus.com/api2/questions/2946/
538,https://www.metaculus.com/api2/questions/2947/
539,https://www.metaculus.com/api2/questions/2951/
540,https://www.metaculus.com/api2/questions/2961/
541,https://www.metaculus.com/api2/questions/2971/
542,https://www.metaculus.com/api2/questions/2975/
543,https://www.metaculus.com/api2/questions/2976/
544,https://www.metaculus.com/api2/questions/2982/
545,https://www.metaculus.com/api2/questions/2985/
546,https://www.metaculus.com/api2/questions/3029/
547,https://www.metaculus.com/api2/questions/3030/
548,https://www.metaculus.com/api2/questions/3035/
549,https://www.metaculus.com/api2/questions/3038/
550,https://www.metaculus.com/api2/questions/3041/
551,https://www.metaculus.com/api2/questions/3057/
552,https://www.metaculus.com/api2/questions/3072/
553,https://www.metaculus.com/api2/questions/3083/
554,https://www.metaculus.com/api2/questions/3098/
555,https://www.metaculus.com/api2/questions/3100/
556,https://www.metaculus.com/api2/questions/3110/
557,https://www.metaculus.com/api2/questions/3121/
558,https://www.metaculus.com/api2/questions/3134/
559,https://www.metaculus.com/api2/questions/3140/
560,https://www.metaculus.com/api2/questions/3145/
561,https://www.metaculus.com/api2/questions/3193/
562,https://www.metaculus.com/api2/questions/3198/
563,https://www.metaculus.com/api2/questions/3234/
564,https://www.metaculus.com/api2/questions/3235/
565,https://www.metaculus.com/api2/questions/3252/
566,https://www.metaculus.com/api2/questions/3255/
567,https://www.metaculus.com/api2/questions/3256/
568,https://www.metaculus.com/api2/questions/3263/
569,https://www.metaculus.com/api2/questions/3267/
570,https://www.metaculus.com/api2/questions/3268/
571,https://www.metaculus.com/api2/questions/3270/
572,https://www.metaculus.com/api2/questions/3281/
573,https://www.metaculus.com/api2/questions/3283/
574,https://www.metaculus.com/api2/questions/3284/
575,https://www.metaculus.com/api2/questions/3285/
576,https://www.metaculus.com/api2/questions/3286/
577,https://www.metaculus.com/api2/questions/3345/
578,https://www.metaculus.com/api2/questions/3358/
579,https://www.metaculus.com/api2/questions/3374/
580,https://www.metaculus.com/api2/questions/3398/
581,https://www.metaculus.com/api2/questions/3401/
582,https://www.metaculus.com/api2/questions/3440/
583,https://www.metaculus.com/api2/questions/3444/
584,https://www.metaculus.com/api2/questions/3445/
585,https://www.metaculus.com/api2/questions/3446/
586,https://www.metaculus.com/api2/questions/3451/
587,https://www.metaculus.com/api2/questions/3462/
588,https://www.metaculus.com/api2/questions/3481/
589,https://www.metaculus.com/api2/questions/3482/
590,https://www.metaculus.com/api2/questions/3483/
591,https://www.metaculus.com/api2/questions/3485/
592,https://www.metaculus.com/api2/questions/3486/
593,https://www.metaculus.com/api2/questions/3487/
594,https://www.metaculus.com/api2/questions/3488/
595,https://www.metaculus.com/api2/questions/3489/
596,https://www.metaculus.com/api2/questions/3490/
597,https://www.metaculus.com/api2/questions/3491/
598,https://www.metaculus.com/api2/questions/3492/
599,https://www.metaculus.com/api2/questions/3493/
600,https://www.metaculus.com/api2/questions/3495/
601,https://www.metaculus.com/api2/questions/3496/
602,https://www.metaculus.com/api2/questions/3497/
603,https://www.metaculus.com/api2/questions/3499/
604,https://www.metaculus.com/api2/questions/3501/
605,https://www.metaculus.com/api2/questions/3503/
606,https://www.metaculus.com/api2/questions/3504/
607,https://www.metaculus.com/api2/questions/3513/
608,https://www.metaculus.com/api2/questions/3516/
609,https://www.metaculus.com/api2/questions/3578/
610,https://www.metaculus.com/api2/questions/3589/
611,https://www.metaculus.com/api2/questions/3590/
612,https://www.metaculus.com/api2/questions/3595/
613,https://www.metaculus.com/api2/questions/3607/
614,https://www.metaculus.com/api2/questions/3611/
615,https://www.metaculus.com/api2/questions/3612/
616,https://www.metaculus.com/api2/questions/3630/
617,https://www.metaculus.com/api2/questions/3632/
618,https://www.metaculus.com/api2/questions/3650/
619,https://www.metaculus.com/api2/questions/3655/
620,https://www.metaculus.com/api2/questions/3666/
621,https://www.metaculus.com/api2/questions/3671/
622,https://www.metaculus.com/api2/questions/3688/
623,https://www.metaculus.com/api2/questions/3697/
624,https://www.metaculus.com/api2/questions/3699/
625,https://www.metaculus.com/api2/questions/3709/
626,https://www.metaculus.com/api2/questions/3710/
627,https://www.metaculus.com/api2/questions/3724/
628,https://www.metaculus.com/api2/questions/3732/
629,https://www.metaculus.com/api2/questions/3734/
630,https://www.metaculus.com/api2/questions/3737/
631,https://www.metaculus.com/api2/questions/3744/
632,https://www.metaculus.com/api2/questions/3748/
633,https://www.metaculus.com/api2/questions/3750/
634,https://www.metaculus.com/api2/questions/3752/
635,https://www.metaculus.com/api2/questions/3753/
636,https://www.metaculus.com/api2/questions/3756/
637,https://www.metaculus.com/api2/questions/3762/
638,https://www.metaculus.com/api2/questions/3776/
639,https://www.metaculus.com/api2/questions/3779/
640,https://www.metaculus.com/api2/questions/3782/
641,https://www.metaculus.com/api2/questions/3790/
642,https://www.metaculus.com/api2/questions/3791/
643,https://www.metaculus.com/api2/questions/3825/
644,https://www.metaculus.com/api2/questions/3855/
645,https://www.metaculus.com/api2/questions/3856/
646,https://www.metaculus.com/api2/questions/3859/
647,https://www.metaculus.com/api2/questions/3875/
648,https://www.metaculus.com/api2/questions/3894/
649,https://www.metaculus.com/api2/questions/3895/
650,https://www.metaculus.com/api2/questions/3896/
651,https://www.metaculus.com/api2/questions/3897/
652,https://www.metaculus.com/api2/questions/3900/
653,https://www.metaculus.com/api2/questions/3918/
654,https://www.metaculus.com/api2/questions/3921/
655,https://www.metaculus.com/api2/questions/3932/
656,https://www.metaculus.com/api2/questions/3991/
657,https://www.metaculus.com/api2/questions/4035/
658,https://www.metaculus.com/api2/questions/4040/
659,https://www.metaculus.com/api2/questions/4075/
660,https://www.metaculus.com/api2/questions/4097/
661,https://www.metaculus.com/api2/questions/4098/
662,https://www.metaculus.com/api2/questions/4206/
663,https://www.metaculus.com/api2/questions/4207/
664,https://www.metaculus.com/api2/questions/4220/
665,https://www.metaculus.com/api2/questions/4253/
666,https://www.metaculus.com/api2/questions/4260/
667,https://www.metaculus.com/api2/questions/4277/
668,https://www.metaculus.com/api2/questions/4279/
669,https://www.metaculus.com/api2/questions/4280/
670,https://www.metaculus.com/api2/questions/4281/
671,https://www.metaculus.com/api2/questions/4313/
672,https://www.metaculus.com/api2/questions/4318/
673,https://www.metaculus.com/api2/questions/4354/
674,https://www.metaculus.com/api2/questions/4403/
675,https://www.metaculus.com/api2/questions/4408/
676,https://www.metaculus.com/api2/questions/4414/
677,https://www.metaculus.com/api2/questions/4415/
678,https://www.metaculus.com/api2/questions/4425/
679,https://www.metaculus.com/api2/questions/4516/
680,https://www.metaculus.com/api2/questions/4536/
681,https://www.metaculus.com/api2/questions/4553/
682,https://www.metaculus.com/api2/questions/4554/
683,https://www.metaculus.com/api2/questions/4555/
684,https://www.metaculus.com/api2/questions/4556/
685,https://www.metaculus.com/api2/questions/4559/
686,https://www.metaculus.com/api2/questions/4561/
687,https://www.metaculus.com/api2/questions/4562/
688,https://www.metaculus.com/api2/questions/4563/
689,https://www.metaculus.com/api2/questions/4564/
690,https://www.metaculus.com/api2/questions/4565/
691,https://www.metaculus.com/api2/questions/4607/
692,https://www.metaculus.com/api2/questions/4609/
693,https://www.metaculus.com/api2/questions/4617/
694,https://www.metaculus.com/api2/questions/4619/
695,https://www.metaculus.com/api2/questions/4627/
696,https://www.metaculus.com/api2/questions/4637/
697,https://www.metaculus.com/api2/questions/4650/
698,https://www.metaculus.com/api2/questions/4682/
699,https://www.metaculus.com/api2/questions/4683/
700,https://www.metaculus.com/api2/questions/4691/
701,https://www.metaculus.com/api2/questions/4703/
702,https://www.metaculus.com/api2/questions/4723/
703,https://www.metaculus.com/api2/questions/4733/
704,https://www.metaculus.com/api2/questions/4734/
705,https://www.metaculus.com/api2/questions/4736/
706,https://www.metaculus.com/api2/questions/4739/
707,https://www.metaculus.com/api2/questions/4741/
708,https://www.metaculus.com/api2/questions/4745/
709,https://www.metaculus.com/api2/questions/4749/
710,https://www.metaculus.com/api2/questions/4764/
711,https://www.metaculus.com/api2/questions/4766/
712,https://www.metaculus.com/api2/questions/4769/
713,https://www.metaculus.com/api2/questions/4771/
714,https://www.metaculus.com/api2/questions/4774/
715,https://www.metaculus.com/api2/questions/4775/
716,https://www.metaculus.com/api2/questions/4776/
717,https://www.metaculus.com/api2/questions/4783/
718,https://www.metaculus.com/api2/questions/4784/
719,https://www.metaculus.com/api2/questions/4801/
720,https://www.metaculus.com/api2/questions/4808/
721,https://www.metaculus.com/api2/questions/4813/
722,https://www.metaculus.com/api2/questions/4816/
723,https://www.metaculus.com/api2/questions/4821/
724,https://www.metaculus.com/api2/questions/4835/
725,https://www.metaculus.com/api2/questions/4836/
726,https://www.metaculus.com/api2/questions/4838/
727,https://www.metaculus.com/api2/questions/4868/
728,https://www.metaculus.com/api2/questions/4874/
729,https://www.metaculus.com/api2/questions/4876/
730,https://www.metaculus.com/api2/questions/4887/
731,https://www.metaculus.com/api2/questions/4888/
732,https://www.metaculus.com/api2/questions/4896/
733,https://www.metaculus.com/api2/questions/4900/
734,https://www.metaculus.com/api2/questions/4910/
735,https://www.metaculus.com/api2/questions/4918/
736,https://www.metaculus.com/api2/questions/4926/
737,https://www.metaculus.com/api2/questions/4935/
738,https://www.metaculus.com/api2/questions/4937/
739,https://www.metaculus.com/api2/questions/4946/
740,https://www.metaculus.com/api2/questions/4994/
741,https://www.metaculus.com/api2/questions/5032/
742,https://www.metaculus.com/api2/questions/5033/
743,https://www.metaculus.com/api2/questions/5034/
744,https://www.metaculus.com/api2/questions/5047/
745,https://www.metaculus.com/api2/questions/5104/
746,https://www.metaculus.com/api2/questions/5105/
747,https://www.metaculus.com/api2/questions/5112/
748,https://www.metaculus.com/api2/questions/5138/
749,https://www.metaculus.com/api2/questions/5147/
750,https://www.metaculus.com/api2/questions/5151/
751,https://www.metaculus.com/api2/questions/5158/
752,https://www.metaculus.com/api2/questions/5172/
753,https://www.metaculus.com/api2/questions/5181/
754,https://www.metaculus.com/api2/questions/5202/
755,https://www.metaculus.com/api2/questions/5219/
756,https://www.metaculus.com/api2/questions/5256/
757,https://www.metaculus.com/api2/questions/5271/
758,https://www.metaculus.com/api2/questions/5298/
759,https://www.metaculus.com/api2/questions/5311/
760,https://www.metaculus.com/api2/questions/5342/
761,https://www.metaculus.com/api2/questions/5343/
762,https://www.metaculus.com/api2/questions/5345/
763,https://www.metaculus.com/api2/questions/5354/
764,https://www.metaculus.com/api2/questions/5356/
765,https://www.metaculus.com/api2/questions/5357/
766,https://www.metaculus.com/api2/questions/5358/
767,https://www.metaculus.com/api2/questions/5359/
768,https://www.metaculus.com/api2/questions/5360/
769,https://www.metaculus.com/api2/questions/5361/
770,https://www.metaculus.com/api2/questions/5362/
771,https://www.metaculus.com/api2/questions/5366/
772,https://www.metaculus.com/api2/questions/5380/
773,https://www.metaculus.com/api2/questions/5383/
774,https://www.metaculus.com/api2/questions/5396/
775,https://www.metaculus.com/api2/questions/5397/
776,https://www.metaculus.com/api2/questions/5409/
777,https://www.metaculus.com/api2/questions/5411/
778,https://www.metaculus.com/api2/questions/5415/
779,https://www.metaculus.com/api2/questions/5434/
780,https://www.metaculus.com/api2/questions/5437/
781,https://www.metaculus.com/api2/questions/5438/
782,https://www.metaculus.com/api2/questions/5440/
783,https://www.metaculus.com/api2/questions/5441/
784,https://www.metaculus.com/api2/questions/5445/
785,https://www.metaculus.com/api2/questions/5448/
786,https://www.metaculus.com/api2/questions/5449/
